{
  "model_name": "LightGBM",
  "model_type": "volatility_predictor",
  "features": [
    "realized_vol_6h",
    "parkinson_vol_6h",
    "realized_vol_24h",
    "parkinson_vol_24h",
    "realized_vol_72h",
    "parkinson_vol_72h",
    "realized_vol_168h",
    "parkinson_vol_168h",
    "volume_volatility_6h",
    "volume_volatility_24h",
    "volume_volatility_72h",
    "volume_volatility_168h",
    "return_6h",
    "return_24h",
    "return_72h",
    "return_momentum_24h",
    "return_momentum_72h",
    "return_acceleration",
    "trend_strength_24h",
    "trend_strength_72h",
    "trend_strength_168h",
    "range_vs_trend_24h",
    "range_vs_trend_72h",
    "range_vs_trend_168h",
    "volume_ma_24h",
    "volume_ratio_24h",
    "volume_ma_168h",
    "volume_ratio_168h",
    "price_position_24h",
    "price_position_72h",
    "price_position_168h",
    "hour",
    "hour_sin",
    "hour_cos",
    "day_of_week",
    "day_sin",
    "day_cos",
    "week_of_year",
    "week_sin",
    "week_cos",
    "is_weekend"
  ],
  "num_features": 41,
  "target": "target_vol_24h",
  "train_samples": 103626,
  "test_samples": 18288,
  "test_metrics": {
    "RMSE": 0.18276420265851023,
    "MAE": 0.1362622095420531,
    "R2": 0.3114270116589246,
    "MAPE": 39.28754446162262,
    "Mean_Error": 0.027582243844448157,
    "Median_AE": 0.10810307543091674,
    "Max_Error": 1.2554083815969637,
    "Relative_RMSE": 0.4225534478842899,
    "Relative_MAE": 0.31504017537782886,
    "Direction_Accuracy": 0.3408792650918635
  },
  "overfitting_analysis": {
    "score": 0.10545556430442644,
    "severity": "Mild",
    "gaps": {
      "RMSE_gap": -0.5587801654861166,
      "MAE_gap": -0.40886205848404217,
      "R2_gap": 0.31636669291327935
    }
  },
  "regime_performance": {
    "low_vol": {
      "RMSE": 0.17351727406968767,
      "MAE": 0.15270578889886613,
      "R2": -10.622265465345546,
      "MAPE": 81.01993867404774,
      "Mean_Error": 0.15214691062841534,
      "Median_AE": 0.1406531909325645,
      "Max_Error": 0.7170370840285709,
      "Relative_RMSE": 0.8236237396820139,
      "Relative_MAE": 0.724839146985815,
      "Direction_Accuracy": 0.32677165354330706,
      "sample_count": 4572
    },
    "normal_vol": {
      "RMSE": 0.12641456786771413,
      "MAE": 0.09562299831905495,
      "R2": -2.3918311811174764,
      "MAPE": 25.207376196449683,
      "Mean_Error": 0.05443366745628478,
      "Median_AE": 0.07390370388163481,
      "Max_Error": 0.765463337627595,
      "Relative_RMSE": 0.3185139198856322,
      "Relative_MAE": 0.2409315361319057,
      "Direction_Accuracy": 0.34820647419072615,
      "sample_count": 9144
    },
    "high_vol": {
      "RMSE": 0.26747239998674094,
      "MAE": 0.20109705263123637,
      "R2": -0.6129974179504787,
      "MAPE": 25.715486779543383,
      "Mean_Error": -0.15068527016319228,
      "Median_AE": 0.15372500381552584,
      "Max_Error": 1.2554083815969637,
      "Relative_RMSE": 0.3686018854565275,
      "Relative_MAE": 0.27713047313778455,
      "Direction_Accuracy": 0.38495188101487315,
      "sample_count": 4572
    }
  }
}