{
  "model_name": "LightGBM",
  "model_type": "volatility_predictor",
  "features": [
    "realized_vol_6h",
    "parkinson_vol_6h",
    "realized_vol_24h",
    "parkinson_vol_24h",
    "realized_vol_72h",
    "parkinson_vol_72h",
    "realized_vol_168h",
    "parkinson_vol_168h",
    "volume_volatility_6h",
    "volume_volatility_24h",
    "volume_volatility_72h",
    "volume_volatility_168h",
    "return_6h",
    "return_24h",
    "return_72h",
    "return_momentum_24h",
    "return_momentum_72h",
    "return_acceleration",
    "trend_strength_24h",
    "trend_strength_72h",
    "trend_strength_168h",
    "range_vs_trend_24h",
    "range_vs_trend_72h",
    "range_vs_trend_168h",
    "volume_ma_24h",
    "volume_ratio_24h",
    "volume_ma_168h",
    "volume_ratio_168h",
    "price_position_24h",
    "price_position_72h",
    "price_position_168h",
    "hour",
    "hour_sin",
    "hour_cos",
    "day_of_week",
    "day_sin",
    "day_cos",
    "week_of_year",
    "week_sin",
    "week_cos",
    "is_weekend"
  ],
  "num_features": 41,
  "target": "target_vol_24h",
  "train_samples": 103626,
  "test_samples": 18288,
  "test_metrics": {
    "RMSE": 0.1941459208963096,
    "MAE": 0.1438515933582213,
    "R2": 0.22299421850675993,
    "MAPE": 40.840943837234924,
    "Mean_Error": 0.03806448941308067,
    "Median_AE": 0.11279830826114154,
    "Max_Error": 1.7718907523236223,
    "Relative_RMSE": 0.448868143072252,
    "Relative_MAE": 0.3325869391980456,
    "Direction_Accuracy": 0.4704724409448819
  },
  "overfitting_analysis": {
    "score": 0.22401148993302178,
    "severity": "Moderate",
    "gaps": {
      "RMSE_gap": -0.11743092335279338,
      "MAE_gap": -0.04702217134456688,
      "R2_gap": 0.6720344697990653
    }
  },
  "regime_performance": {
    "low_vol": {
      "RMSE": 0.18427023805722156,
      "MAE": 0.155907851119828,
      "R2": -12.107375825969308,
      "MAPE": 80.24693852284994,
      "Mean_Error": 0.15349224872177947,
      "Median_AE": 0.14179978416976108,
      "Max_Error": 1.7718907523236223,
      "Relative_RMSE": 0.874664170437754,
      "Relative_MAE": 0.7400381781788933,
      "Direction_Accuracy": 0.4868766404199475,
      "sample_count": 4572
    },
    "normal_vol": {
      "RMSE": 0.13979343750295972,
      "MAE": 0.10704517182285463,
      "R2": -3.147759321541672,
      "MAPE": 28.467753282484964,
      "Mean_Error": 0.06953278291234669,
      "Median_AE": 0.08606593313342548,
      "Max_Error": 0.7180071123815768,
      "Relative_RMSE": 0.35222329597288987,
      "Relative_MAE": 0.2697108241338719,
      "Direction_Accuracy": 0.4734251968503937,
      "sample_count": 9144
    },
    "high_vol": {
      "RMSE": 0.2788021223578679,
      "MAE": 0.20540817866734798,
      "R2": -0.7525397371922786,
      "MAPE": 26.18133026111982,
      "Mean_Error": -0.1402998568941502,
      "Median_AE": 0.15416306641698452,
      "Max_Error": 1.2635804684445153,
      "Relative_RMSE": 0.3842152983840049,
      "Relative_MAE": 0.28307160644884855,
      "Direction_Accuracy": 0.47244094488188976,
      "sample_count": 4572
    }
  }
}